normal,Gamma,ASM,../tests/data/imagenes_a_testear/Labyrinth.32x16.bmp,1,2853,2853.0000
normal,Gamma,ASM,../tests/data/imagenes_a_testear/Labyrinth.32x16.bmp,1,2852,2852.0000
normal,Gamma,ASM,../tests/data/imagenes_a_testear/Labyrinth.32x16.bmp,1,2625,2625.0000
normal,Gamma,ASM,../tests/data/imagenes_a_testear/Labyrinth.32x16.bmp,1,2655,2655.0000
normal,Gamma,ASM,../tests/data/imagenes_a_testear/Labyrinth.32x16.bmp,1,3564,3564.0000
normal,Gamma,ASM,../tests/data/imagenes_a_testear/Labyrinth.32x16.bmp,1,2846,2846.0000
normal,Gamma,ASM,../tests/data/imagenes_a_testear/Labyrinth.32x16.bmp,1,2292,2292.0000
normal,Gamma,ASM,../tests/data/imagenes_a_testear/Labyrinth.32x16.bmp,1,4831,4831.0000
normal,Gamma,ASM,../tests/data/imagenes_a_testear/Labyrinth.32x16.bmp,1,3526,3526.0000
normal,Gamma,ASM,../tests/data/imagenes_a_testear/Labyrinth.32x16.bmp,1,3321,3321.0000
normal,Gamma,ASM,../tests/data/imagenes_a_testear/Labyrinth.32x16.bmp,1,4085,4085.0000
normal,Gamma,ASM,../tests/data/imagenes_a_testear/Labyrinth.32x16.bmp,1,3405,3405.0000
normal,Gamma,ASM,../tests/data/imagenes_a_testear/Labyrinth.32x16.bmp,1,3162,3162.0000
normal,Gamma,ASM,../tests/data/imagenes_a_testear/Labyrinth.32x16.bmp,1,3919,3919.0000
normal,Gamma,ASM,../tests/data/imagenes_a_testear/Labyrinth.32x16.bmp,1,3368,3368.0000
normal,Gamma,ASM,../tests/data/imagenes_a_testear/Labyrinth.32x16.bmp,1,3345,3345.0000
normal,Gamma,ASM,../tests/data/imagenes_a_testear/Labyrinth.32x16.bmp,1,2187,2187.0000
normal,Gamma,ASM,../tests/data/imagenes_a_testear/Labyrinth.32x16.bmp,1,2130,2130.0000
normal,Gamma,ASM,../tests/data/imagenes_a_testear/Labyrinth.32x16.bmp,1,2997,2997.0000
normal,Gamma,ASM,../tests/data/imagenes_a_testear/Labyrinth.32x16.bmp,1,1881,1881.0000
normal,Gamma,ASM,../tests/data/imagenes_a_testear/Labyrinth.32x16.bmp,1,1899,1899.0000
normal,Gamma,ASM,../tests/data/imagenes_a_testear/Labyrinth.32x16.bmp,1,2164,2164.0000
normal,Gamma,ASM,../tests/data/imagenes_a_testear/Labyrinth.32x16.bmp,1,3470,3470.0000
normal,Gamma,ASM,../tests/data/imagenes_a_testear/Labyrinth.32x16.bmp,1,2048,2048.0000
normal,Gamma,ASM,../tests/data/imagenes_a_testear/Labyrinth.32x16.bmp,1,2619,2619.0000
normal,Gamma,ASM,../tests/data/imagenes_a_testear/Labyrinth.32x16.bmp,1,2605,2605.0000
normal,Gamma,ASM,../tests/data/imagenes_a_testear/Labyrinth.32x16.bmp,1,1881,1881.0000
normal,Gamma,ASM,../tests/data/imagenes_a_testear/Labyrinth.32x16.bmp,1,2813,2813.0000
normal,Gamma,ASM,../tests/data/imagenes_a_testear/Labyrinth.32x16.bmp,1,1945,1945.0000
normal,Gamma,ASM,../tests/data/imagenes_a_testear/Labyrinth.32x16.bmp,1,1851,1851.0000
normal,Gamma,ASM,../tests/data/imagenes_a_testear/Labyrinth.64x32.bmp,1,7111,7111.0000
normal,Gamma,ASM,../tests/data/imagenes_a_testear/Labyrinth.64x32.bmp,1,6966,6966.0000
normal,Gamma,ASM,../tests/data/imagenes_a_testear/Labyrinth.64x32.bmp,1,6791,6791.0000
normal,Gamma,ASM,../tests/data/imagenes_a_testear/Labyrinth.64x32.bmp,1,9392,9392.0000
normal,Gamma,ASM,../tests/data/imagenes_a_testear/Labyrinth.64x32.bmp,1,9587,9587.0000
normal,Gamma,ASM,../tests/data/imagenes_a_testear/Labyrinth.64x32.bmp,1,9497,9497.0000
normal,Gamma,ASM,../tests/data/imagenes_a_testear/Labyrinth.64x32.bmp,1,10011,10011.0000
normal,Gamma,ASM,../tests/data/imagenes_a_testear/Labyrinth.64x32.bmp,1,6900,6900.0000
normal,Gamma,ASM,../tests/data/imagenes_a_testear/Labyrinth.64x32.bmp,1,6755,6755.0000
normal,Gamma,ASM,../tests/data/imagenes_a_testear/Labyrinth.64x32.bmp,1,6994,6994.0000
normal,Gamma,ASM,../tests/data/imagenes_a_testear/Labyrinth.64x32.bmp,1,8871,8871.0000
normal,Gamma,ASM,../tests/data/imagenes_a_testear/Labyrinth.64x32.bmp,1,6829,6829.0000
normal,Gamma,ASM,../tests/data/imagenes_a_testear/Labyrinth.64x32.bmp,1,6882,6882.0000
normal,Gamma,ASM,../tests/data/imagenes_a_testear/Labyrinth.64x32.bmp,1,6914,6914.0000
normal,Gamma,ASM,../tests/data/imagenes_a_testear/Labyrinth.64x32.bmp,1,10663,10663.0000
normal,Gamma,ASM,../tests/data/imagenes_a_testear/Labyrinth.64x32.bmp,1,6876,6876.0000
normal,Gamma,ASM,../tests/data/imagenes_a_testear/Labyrinth.64x32.bmp,1,9149,9149.0000
normal,Gamma,ASM,../tests/data/imagenes_a_testear/Labyrinth.64x32.bmp,1,8997,8997.0000
normal,Gamma,ASM,../tests/data/imagenes_a_testear/Labyrinth.64x32.bmp,1,7026,7026.0000
normal,Gamma,ASM,../tests/data/imagenes_a_testear/Labyrinth.64x32.bmp,1,6950,6950.0000
normal,Gamma,ASM,../tests/data/imagenes_a_testear/Labyrinth.64x32.bmp,1,8839,8839.0000
normal,Gamma,ASM,../tests/data/imagenes_a_testear/Labyrinth.64x32.bmp,1,8774,8774.0000
normal,Gamma,ASM,../tests/data/imagenes_a_testear/Labyrinth.64x32.bmp,1,10263,10263.0000
normal,Gamma,ASM,../tests/data/imagenes_a_testear/Labyrinth.64x32.bmp,1,7605,7605.0000
normal,Gamma,ASM,../tests/data/imagenes_a_testear/Labyrinth.64x32.bmp,1,6885,6885.0000
normal,Gamma,ASM,../tests/data/imagenes_a_testear/Labyrinth.64x32.bmp,1,6841,6841.0000
normal,Gamma,ASM,../tests/data/imagenes_a_testear/Labyrinth.64x32.bmp,1,6865,6865.0000
normal,Gamma,ASM,../tests/data/imagenes_a_testear/Labyrinth.64x32.bmp,1,6881,6881.0000
normal,Gamma,ASM,../tests/data/imagenes_a_testear/Labyrinth.64x32.bmp,1,6875,6875.0000
normal,Gamma,ASM,../tests/data/imagenes_a_testear/Labyrinth.64x32.bmp,1,7221,7221.0000
normal,Gamma,ASM,../tests/data/imagenes_a_testear/Labyrinth.128x64.bmp,1,47744,47744.0000
normal,Gamma,ASM,../tests/data/imagenes_a_testear/Labyrinth.128x64.bmp,1,44623,44623.0000
normal,Gamma,ASM,../tests/data/imagenes_a_testear/Labyrinth.128x64.bmp,1,29007,29007.0000
normal,Gamma,ASM,../tests/data/imagenes_a_testear/Labyrinth.128x64.bmp,1,38677,38677.0000
normal,Gamma,ASM,../tests/data/imagenes_a_testear/Labyrinth.128x64.bmp,1,29171,29171.0000
normal,Gamma,ASM,../tests/data/imagenes_a_testear/Labyrinth.128x64.bmp,1,31128,31128.0000
normal,Gamma,ASM,../tests/data/imagenes_a_testear/Labyrinth.128x64.bmp,1,42137,42137.0000
normal,Gamma,ASM,../tests/data/imagenes_a_testear/Labyrinth.128x64.bmp,1,39817,39817.0000
normal,Gamma,ASM,../tests/data/imagenes_a_testear/Labyrinth.128x64.bmp,1,29701,29701.0000
normal,Gamma,ASM,../tests/data/imagenes_a_testear/Labyrinth.128x64.bmp,1,38116,38116.0000
normal,Gamma,ASM,../tests/data/imagenes_a_testear/Labyrinth.128x64.bmp,1,29112,29112.0000
normal,Gamma,ASM,../tests/data/imagenes_a_testear/Labyrinth.128x64.bmp,1,29082,29082.0000
normal,Gamma,ASM,../tests/data/imagenes_a_testear/Labyrinth.128x64.bmp,1,29110,29110.0000
normal,Gamma,ASM,../tests/data/imagenes_a_testear/Labyrinth.128x64.bmp,1,38838,38838.0000
normal,Gamma,ASM,../tests/data/imagenes_a_testear/Labyrinth.128x64.bmp,1,29619,29619.0000
normal,Gamma,ASM,../tests/data/imagenes_a_testear/Labyrinth.128x64.bmp,1,29237,29237.0000
normal,Gamma,ASM,../tests/data/imagenes_a_testear/Labyrinth.128x64.bmp,1,28979,28979.0000
normal,Gamma,ASM,../tests/data/imagenes_a_testear/Labyrinth.128x64.bmp,1,29010,29010.0000
normal,Gamma,ASM,../tests/data/imagenes_a_testear/Labyrinth.128x64.bmp,1,28921,28921.0000
normal,Gamma,ASM,../tests/data/imagenes_a_testear/Labyrinth.128x64.bmp,1,29362,29362.0000
normal,Gamma,ASM,../tests/data/imagenes_a_testear/Labyrinth.128x64.bmp,1,28020,28020.0000
normal,Gamma,ASM,../tests/data/imagenes_a_testear/Labyrinth.128x64.bmp,1,29163,29163.0000
normal,Gamma,ASM,../tests/data/imagenes_a_testear/Labyrinth.128x64.bmp,1,28998,28998.0000
normal,Gamma,ASM,../tests/data/imagenes_a_testear/Labyrinth.128x64.bmp,1,37925,37925.0000
normal,Gamma,ASM,../tests/data/imagenes_a_testear/Labyrinth.128x64.bmp,1,28974,28974.0000
normal,Gamma,ASM,../tests/data/imagenes_a_testear/Labyrinth.128x64.bmp,1,27972,27972.0000
normal,Gamma,ASM,../tests/data/imagenes_a_testear/Labyrinth.128x64.bmp,1,39228,39228.0000
normal,Gamma,ASM,../tests/data/imagenes_a_testear/Labyrinth.128x64.bmp,1,28957,28957.0000
normal,Gamma,ASM,../tests/data/imagenes_a_testear/Labyrinth.128x64.bmp,1,39502,39502.0000
normal,Gamma,ASM,../tests/data/imagenes_a_testear/Labyrinth.128x64.bmp,1,43539,43539.0000
normal,Gamma,ASM,../tests/data/imagenes_a_testear/Labyrinth.256x128.bmp,1,112805,112805.0000
normal,Gamma,ASM,../tests/data/imagenes_a_testear/Labyrinth.256x128.bmp,1,109498,109498.0000
normal,Gamma,ASM,../tests/data/imagenes_a_testear/Labyrinth.256x128.bmp,1,127150,127150.0000
normal,Gamma,ASM,../tests/data/imagenes_a_testear/Labyrinth.256x128.bmp,1,105551,105551.0000
normal,Gamma,ASM,../tests/data/imagenes_a_testear/Labyrinth.256x128.bmp,1,111389,111389.0000
normal,Gamma,ASM,../tests/data/imagenes_a_testear/Labyrinth.256x128.bmp,1,113209,113209.0000
normal,Gamma,ASM,../tests/data/imagenes_a_testear/Labyrinth.256x128.bmp,1,153227,153227.0000
normal,Gamma,ASM,../tests/data/imagenes_a_testear/Labyrinth.256x128.bmp,1,110630,110630.0000
normal,Gamma,ASM,../tests/data/imagenes_a_testear/Labyrinth.256x128.bmp,1,111065,111065.0000
normal,Gamma,ASM,../tests/data/imagenes_a_testear/Labyrinth.256x128.bmp,1,108262,108262.0000
normal,Gamma,ASM,../tests/data/imagenes_a_testear/Labyrinth.256x128.bmp,1,107173,107173.0000
normal,Gamma,ASM,../tests/data/imagenes_a_testear/Labyrinth.256x128.bmp,1,106370,106370.0000
normal,Gamma,ASM,../tests/data/imagenes_a_testear/Labyrinth.256x128.bmp,1,106941,106941.0000
normal,Gamma,ASM,../tests/data/imagenes_a_testear/Labyrinth.256x128.bmp,1,112244,112244.0000
normal,Gamma,ASM,../tests/data/imagenes_a_testear/Labyrinth.256x128.bmp,1,110206,110206.0000
normal,Gamma,ASM,../tests/data/imagenes_a_testear/Labyrinth.256x128.bmp,1,106802,106802.0000
normal,Gamma,ASM,../tests/data/imagenes_a_testear/Labyrinth.256x128.bmp,1,177138,177138.0000
normal,Gamma,ASM,../tests/data/imagenes_a_testear/Labyrinth.256x128.bmp,1,118290,118290.0000
normal,Gamma,ASM,../tests/data/imagenes_a_testear/Labyrinth.256x128.bmp,1,111887,111887.0000
normal,Gamma,ASM,../tests/data/imagenes_a_testear/Labyrinth.256x128.bmp,1,159608,159608.0000
normal,Gamma,ASM,../tests/data/imagenes_a_testear/Labyrinth.256x128.bmp,1,163709,163709.0000
normal,Gamma,ASM,../tests/data/imagenes_a_testear/Labyrinth.256x128.bmp,1,110565,110565.0000
normal,Gamma,ASM,../tests/data/imagenes_a_testear/Labyrinth.256x128.bmp,1,111605,111605.0000
normal,Gamma,ASM,../tests/data/imagenes_a_testear/Labyrinth.256x128.bmp,1,109021,109021.0000
normal,Gamma,ASM,../tests/data/imagenes_a_testear/Labyrinth.256x128.bmp,1,108005,108005.0000
normal,Gamma,ASM,../tests/data/imagenes_a_testear/Labyrinth.256x128.bmp,1,114008,114008.0000
normal,Gamma,ASM,../tests/data/imagenes_a_testear/Labyrinth.256x128.bmp,1,112624,112624.0000
normal,Gamma,ASM,../tests/data/imagenes_a_testear/Labyrinth.256x128.bmp,1,112529,112529.0000
normal,Gamma,ASM,../tests/data/imagenes_a_testear/Labyrinth.256x128.bmp,1,113610,113610.0000
normal,Gamma,ASM,../tests/data/imagenes_a_testear/Labyrinth.256x128.bmp,1,110013,110013.0000
normal,Gamma,ASM,../tests/data/imagenes_a_testear/Labyrinth.400x300.bmp,1,625567,625567.0000
normal,Gamma,ASM,../tests/data/imagenes_a_testear/Labyrinth.400x300.bmp,1,427169,427169.0000
normal,Gamma,ASM,../tests/data/imagenes_a_testear/Labyrinth.400x300.bmp,1,415490,415490.0000
normal,Gamma,ASM,../tests/data/imagenes_a_testear/Labyrinth.400x300.bmp,1,421492,421492.0000
normal,Gamma,ASM,../tests/data/imagenes_a_testear/Labyrinth.400x300.bmp,1,418342,418342.0000
normal,Gamma,ASM,../tests/data/imagenes_a_testear/Labyrinth.400x300.bmp,1,439964,439964.0000
normal,Gamma,ASM,../tests/data/imagenes_a_testear/Labyrinth.400x300.bmp,1,425841,425841.0000
normal,Gamma,ASM,../tests/data/imagenes_a_testear/Labyrinth.400x300.bmp,1,419326,419326.0000
normal,Gamma,ASM,../tests/data/imagenes_a_testear/Labyrinth.400x300.bmp,1,442406,442406.0000
normal,Gamma,ASM,../tests/data/imagenes_a_testear/Labyrinth.400x300.bmp,1,411691,411691.0000
normal,Gamma,ASM,../tests/data/imagenes_a_testear/Labyrinth.400x300.bmp,1,416840,416840.0000
normal,Gamma,ASM,../tests/data/imagenes_a_testear/Labyrinth.400x300.bmp,1,434364,434364.0000
normal,Gamma,ASM,../tests/data/imagenes_a_testear/Labyrinth.400x300.bmp,1,417093,417093.0000
normal,Gamma,ASM,../tests/data/imagenes_a_testear/Labyrinth.400x300.bmp,1,412437,412437.0000
normal,Gamma,ASM,../tests/data/imagenes_a_testear/Labyrinth.400x300.bmp,1,417593,417593.0000
normal,Gamma,ASM,../tests/data/imagenes_a_testear/Labyrinth.400x300.bmp,1,596175,596175.0000
normal,Gamma,ASM,../tests/data/imagenes_a_testear/Labyrinth.400x300.bmp,1,427173,427173.0000
normal,Gamma,ASM,../tests/data/imagenes_a_testear/Labyrinth.400x300.bmp,1,540877,540877.0000
normal,Gamma,ASM,../tests/data/imagenes_a_testear/Labyrinth.400x300.bmp,1,438628,438628.0000
normal,Gamma,ASM,../tests/data/imagenes_a_testear/Labyrinth.400x300.bmp,1,413461,413461.0000
normal,Gamma,ASM,../tests/data/imagenes_a_testear/Labyrinth.400x300.bmp,1,428197,428197.0000
normal,Gamma,ASM,../tests/data/imagenes_a_testear/Labyrinth.400x300.bmp,1,691230,691230.0000
normal,Gamma,ASM,../tests/data/imagenes_a_testear/Labyrinth.400x300.bmp,1,671177,671177.0000
normal,Gamma,ASM,../tests/data/imagenes_a_testear/Labyrinth.400x300.bmp,1,409319,409319.0000
normal,Gamma,ASM,../tests/data/imagenes_a_testear/Labyrinth.400x300.bmp,1,413591,413591.0000
normal,Gamma,ASM,../tests/data/imagenes_a_testear/Labyrinth.400x300.bmp,1,418013,418013.0000
normal,Gamma,ASM,../tests/data/imagenes_a_testear/Labyrinth.400x300.bmp,1,420600,420600.0000
normal,Gamma,ASM,../tests/data/imagenes_a_testear/Labyrinth.400x300.bmp,1,416408,416408.0000
normal,Gamma,ASM,../tests/data/imagenes_a_testear/Labyrinth.400x300.bmp,1,419270,419270.0000
normal,Gamma,ASM,../tests/data/imagenes_a_testear/Labyrinth.400x300.bmp,1,404452,404452.0000
normal,Gamma,ASM,../tests/data/imagenes_a_testear/Labyrinth.512x256.bmp,1,452473,452473.0000
normal,Gamma,ASM,../tests/data/imagenes_a_testear/Labyrinth.512x256.bmp,1,595946,595946.0000
normal,Gamma,ASM,../tests/data/imagenes_a_testear/Labyrinth.512x256.bmp,1,508787,508787.0000
normal,Gamma,ASM,../tests/data/imagenes_a_testear/Labyrinth.512x256.bmp,1,642309,642309.0000
normal,Gamma,ASM,../tests/data/imagenes_a_testear/Labyrinth.512x256.bmp,1,450557,450557.0000
normal,Gamma,ASM,../tests/data/imagenes_a_testear/Labyrinth.512x256.bmp,1,457661,457661.0000
normal,Gamma,ASM,../tests/data/imagenes_a_testear/Labyrinth.512x256.bmp,1,588240,588240.0000
normal,Gamma,ASM,../tests/data/imagenes_a_testear/Labyrinth.512x256.bmp,1,453536,453536.0000
normal,Gamma,ASM,../tests/data/imagenes_a_testear/Labyrinth.512x256.bmp,1,448129,448129.0000
normal,Gamma,ASM,../tests/data/imagenes_a_testear/Labyrinth.512x256.bmp,1,461133,461133.0000
normal,Gamma,ASM,../tests/data/imagenes_a_testear/Labyrinth.512x256.bmp,1,453278,453278.0000
normal,Gamma,ASM,../tests/data/imagenes_a_testear/Labyrinth.512x256.bmp,1,453295,453295.0000
normal,Gamma,ASM,../tests/data/imagenes_a_testear/Labyrinth.512x256.bmp,1,456798,456798.0000
normal,Gamma,ASM,../tests/data/imagenes_a_testear/Labyrinth.512x256.bmp,1,497976,497976.0000
normal,Gamma,ASM,../tests/data/imagenes_a_testear/Labyrinth.512x256.bmp,1,460902,460902.0000
normal,Gamma,ASM,../tests/data/imagenes_a_testear/Labyrinth.512x256.bmp,1,489207,489207.0000
normal,Gamma,ASM,../tests/data/imagenes_a_testear/Labyrinth.512x256.bmp,1,475757,475757.0000
normal,Gamma,ASM,../tests/data/imagenes_a_testear/Labyrinth.512x256.bmp,1,459447,459447.0000
normal,Gamma,ASM,../tests/data/imagenes_a_testear/Labyrinth.512x256.bmp,1,442953,442953.0000
normal,Gamma,ASM,../tests/data/imagenes_a_testear/Labyrinth.512x256.bmp,1,447232,447232.0000
normal,Gamma,ASM,../tests/data/imagenes_a_testear/Labyrinth.512x256.bmp,1,446668,446668.0000
normal,Gamma,ASM,../tests/data/imagenes_a_testear/Labyrinth.512x256.bmp,1,492697,492697.0000
normal,Gamma,ASM,../tests/data/imagenes_a_testear/Labyrinth.512x256.bmp,1,658177,658177.0000
normal,Gamma,ASM,../tests/data/imagenes_a_testear/Labyrinth.512x256.bmp,1,442467,442467.0000
normal,Gamma,ASM,../tests/data/imagenes_a_testear/Labyrinth.512x256.bmp,1,448613,448613.0000
normal,Gamma,ASM,../tests/data/imagenes_a_testear/Labyrinth.512x256.bmp,1,652162,652162.0000
normal,Gamma,ASM,../tests/data/imagenes_a_testear/Labyrinth.512x256.bmp,1,476348,476348.0000
normal,Gamma,ASM,../tests/data/imagenes_a_testear/Labyrinth.512x256.bmp,1,455202,455202.0000
normal,Gamma,ASM,../tests/data/imagenes_a_testear/Labyrinth.512x256.bmp,1,470225,470225.0000
normal,Gamma,ASM,../tests/data/imagenes_a_testear/Labyrinth.512x256.bmp,1,448274,448274.0000
normal,Gamma,ASM,../tests/data/imagenes_a_testear/Labyrinth.800x600.bmp,1,2804190,2804190.0000
normal,Gamma,ASM,../tests/data/imagenes_a_testear/Labyrinth.800x600.bmp,1,1701475,1701475.0000
normal,Gamma,ASM,../tests/data/imagenes_a_testear/Labyrinth.800x600.bmp,1,1677851,1677851.0000
normal,Gamma,ASM,../tests/data/imagenes_a_testear/Labyrinth.800x600.bmp,1,2388128,2388128.0000
normal,Gamma,ASM,../tests/data/imagenes_a_testear/Labyrinth.800x600.bmp,1,1900099,1900099.0000
normal,Gamma,ASM,../tests/data/imagenes_a_testear/Labyrinth.800x600.bmp,1,1689705,1689705.0000
normal,Gamma,ASM,../tests/data/imagenes_a_testear/Labyrinth.800x600.bmp,1,1721367,1721367.0000
normal,Gamma,ASM,../tests/data/imagenes_a_testear/Labyrinth.800x600.bmp,1,1690029,1690029.0000
normal,Gamma,ASM,../tests/data/imagenes_a_testear/Labyrinth.800x600.bmp,1,1703672,1703672.0000
normal,Gamma,ASM,../tests/data/imagenes_a_testear/Labyrinth.800x600.bmp,1,1863120,1863120.0000
normal,Gamma,ASM,../tests/data/imagenes_a_testear/Labyrinth.800x600.bmp,1,1737762,1737762.0000
normal,Gamma,ASM,../tests/data/imagenes_a_testear/Labyrinth.800x600.bmp,1,1674818,1674818.0000
normal,Gamma,ASM,../tests/data/imagenes_a_testear/Labyrinth.800x600.bmp,1,1670826,1670826.0000
normal,Gamma,ASM,../tests/data/imagenes_a_testear/Labyrinth.800x600.bmp,1,1979869,1979869.0000
normal,Gamma,ASM,../tests/data/imagenes_a_testear/Labyrinth.800x600.bmp,1,1761548,1761548.0000
normal,Gamma,ASM,../tests/data/imagenes_a_testear/Labyrinth.800x600.bmp,1,1703327,1703327.0000
normal,Gamma,ASM,../tests/data/imagenes_a_testear/Labyrinth.800x600.bmp,1,1682770,1682770.0000
normal,Gamma,ASM,../tests/data/imagenes_a_testear/Labyrinth.800x600.bmp,1,2041013,2041013.0000
normal,Gamma,ASM,../tests/data/imagenes_a_testear/Labyrinth.800x600.bmp,1,1669377,1669377.0000
normal,Gamma,ASM,../tests/data/imagenes_a_testear/Labyrinth.800x600.bmp,1,1682353,1682353.0000
normal,Gamma,ASM,../tests/data/imagenes_a_testear/Labyrinth.800x600.bmp,1,1744424,1744424.0000
normal,Gamma,ASM,../tests/data/imagenes_a_testear/Labyrinth.800x600.bmp,1,1682440,1682440.0000
normal,Gamma,ASM,../tests/data/imagenes_a_testear/Labyrinth.800x600.bmp,1,1679776,1679776.0000
normal,Gamma,ASM,../tests/data/imagenes_a_testear/Labyrinth.800x600.bmp,1,2163254,2163254.0000
normal,Gamma,ASM,../tests/data/imagenes_a_testear/Labyrinth.800x600.bmp,1,1685734,1685734.0000
normal,Gamma,ASM,../tests/data/imagenes_a_testear/Labyrinth.800x600.bmp,1,1676146,1676146.0000
normal,Gamma,ASM,../tests/data/imagenes_a_testear/Labyrinth.800x600.bmp,1,2149584,2149584.0000
normal,Gamma,ASM,../tests/data/imagenes_a_testear/Labyrinth.800x600.bmp,1,1683714,1683714.0000
normal,Gamma,ASM,../tests/data/imagenes_a_testear/Labyrinth.800x600.bmp,1,2578063,2578063.0000
normal,Gamma,ASM,../tests/data/imagenes_a_testear/Labyrinth.800x600.bmp,1,1728961,1728961.0000
normal,Gamma,ASM,../tests/data/imagenes_a_testear/Labyrinth.1600x1200.bmp,1,7062738,7062738.0000
normal,Gamma,ASM,../tests/data/imagenes_a_testear/Labyrinth.1600x1200.bmp,1,7091092,7091092.0000
normal,Gamma,ASM,../tests/data/imagenes_a_testear/Labyrinth.1600x1200.bmp,1,6802266,6802266.0000
normal,Gamma,ASM,../tests/data/imagenes_a_testear/Labyrinth.1600x1200.bmp,1,6815684,6815684.0000
normal,Gamma,ASM,../tests/data/imagenes_a_testear/Labyrinth.1600x1200.bmp,1,7079916,7079916.0000
normal,Gamma,ASM,../tests/data/imagenes_a_testear/Labyrinth.1600x1200.bmp,1,6764544,6764544.0000
normal,Gamma,ASM,../tests/data/imagenes_a_testear/Labyrinth.1600x1200.bmp,1,7958366,7958366.0000
normal,Gamma,ASM,../tests/data/imagenes_a_testear/Labyrinth.1600x1200.bmp,1,6812565,6812565.0000
normal,Gamma,ASM,../tests/data/imagenes_a_testear/Labyrinth.1600x1200.bmp,1,6756195,6756195.0000
normal,Gamma,ASM,../tests/data/imagenes_a_testear/Labyrinth.1600x1200.bmp,1,7198874,7198874.0000
normal,Gamma,ASM,../tests/data/imagenes_a_testear/Labyrinth.1600x1200.bmp,1,6773668,6773668.0000
normal,Gamma,ASM,../tests/data/imagenes_a_testear/Labyrinth.1600x1200.bmp,1,6958036,6958036.0000
normal,Gamma,ASM,../tests/data/imagenes_a_testear/Labyrinth.1600x1200.bmp,1,8032290,8032290.0000
normal,Gamma,ASM,../tests/data/imagenes_a_testear/Labyrinth.1600x1200.bmp,1,7294324,7294324.0000
normal,Gamma,ASM,../tests/data/imagenes_a_testear/Labyrinth.1600x1200.bmp,1,10392991,10392991.0000
normal,Gamma,ASM,../tests/data/imagenes_a_testear/Labyrinth.1600x1200.bmp,1,9210005,9210005.0000
normal,Gamma,ASM,../tests/data/imagenes_a_testear/Labyrinth.1600x1200.bmp,1,6756286,6756286.0000
normal,Gamma,ASM,../tests/data/imagenes_a_testear/Labyrinth.1600x1200.bmp,1,6760196,6760196.0000
normal,Gamma,ASM,../tests/data/imagenes_a_testear/Labyrinth.1600x1200.bmp,1,6761662,6761662.0000
normal,Gamma,ASM,../tests/data/imagenes_a_testear/Labyrinth.1600x1200.bmp,1,7439970,7439970.0000
normal,Gamma,ASM,../tests/data/imagenes_a_testear/Labyrinth.1600x1200.bmp,1,8065378,8065378.0000
normal,Gamma,ASM,../tests/data/imagenes_a_testear/Labyrinth.1600x1200.bmp,1,7221468,7221468.0000
normal,Gamma,ASM,../tests/data/imagenes_a_testear/Labyrinth.1600x1200.bmp,1,6801564,6801564.0000
normal,Gamma,ASM,../tests/data/imagenes_a_testear/Labyrinth.1600x1200.bmp,1,6619630,6619630.0000
normal,Gamma,ASM,../tests/data/imagenes_a_testear/Labyrinth.1600x1200.bmp,1,6870038,6870038.0000
normal,Gamma,ASM,../tests/data/imagenes_a_testear/Labyrinth.1600x1200.bmp,1,6757197,6757197.0000
normal,Gamma,ASM,../tests/data/imagenes_a_testear/Labyrinth.1600x1200.bmp,1,10191702,10191702.0000
normal,Gamma,ASM,../tests/data/imagenes_a_testear/Labyrinth.1600x1200.bmp,1,8940978,8940978.0000
normal,Gamma,ASM,../tests/data/imagenes_a_testear/Labyrinth.1600x1200.bmp,1,7762412,7762412.0000
normal,Gamma,ASM,../tests/data/imagenes_a_testear/Labyrinth.1600x1200.bmp,1,6601471,6601471.0000
unrolled,Gamma,ASM,../tests/data/imagenes_a_testear/Labyrinth.32x16.bmp,1,2677,2677.0000
unrolled,Gamma,ASM,../tests/data/imagenes_a_testear/Labyrinth.32x16.bmp,1,1991,1991.0000
unrolled,Gamma,ASM,../tests/data/imagenes_a_testear/Labyrinth.32x16.bmp,1,2171,2171.0000
unrolled,Gamma,ASM,../tests/data/imagenes_a_testear/Labyrinth.32x16.bmp,1,1907,1907.0000
unrolled,Gamma,ASM,../tests/data/imagenes_a_testear/Labyrinth.32x16.bmp,1,1965,1965.0000
unrolled,Gamma,ASM,../tests/data/imagenes_a_testear/Labyrinth.32x16.bmp,1,1893,1893.0000
unrolled,Gamma,ASM,../tests/data/imagenes_a_testear/Labyrinth.32x16.bmp,1,1945,1945.0000
unrolled,Gamma,ASM,../tests/data/imagenes_a_testear/Labyrinth.32x16.bmp,1,1977,1977.0000
unrolled,Gamma,ASM,../tests/data/imagenes_a_testear/Labyrinth.32x16.bmp,1,1871,1871.0000
unrolled,Gamma,ASM,../tests/data/imagenes_a_testear/Labyrinth.32x16.bmp,1,1984,1984.0000
unrolled,Gamma,ASM,../tests/data/imagenes_a_testear/Labyrinth.32x16.bmp,1,1935,1935.0000
unrolled,Gamma,ASM,../tests/data/imagenes_a_testear/Labyrinth.32x16.bmp,1,1884,1884.0000
unrolled,Gamma,ASM,../tests/data/imagenes_a_testear/Labyrinth.32x16.bmp,1,2021,2021.0000
unrolled,Gamma,ASM,../tests/data/imagenes_a_testear/Labyrinth.32x16.bmp,1,1996,1996.0000
unrolled,Gamma,ASM,../tests/data/imagenes_a_testear/Labyrinth.32x16.bmp,1,2067,2067.0000
unrolled,Gamma,ASM,../tests/data/imagenes_a_testear/Labyrinth.32x16.bmp,1,1887,1887.0000
unrolled,Gamma,ASM,../tests/data/imagenes_a_testear/Labyrinth.32x16.bmp,1,1859,1859.0000
unrolled,Gamma,ASM,../tests/data/imagenes_a_testear/Labyrinth.32x16.bmp,1,1885,1885.0000
unrolled,Gamma,ASM,../tests/data/imagenes_a_testear/Labyrinth.32x16.bmp,1,2227,2227.0000
unrolled,Gamma,ASM,../tests/data/imagenes_a_testear/Labyrinth.32x16.bmp,1,2255,2255.0000
unrolled,Gamma,ASM,../tests/data/imagenes_a_testear/Labyrinth.32x16.bmp,1,1863,1863.0000
unrolled,Gamma,ASM,../tests/data/imagenes_a_testear/Labyrinth.32x16.bmp,1,1899,1899.0000
unrolled,Gamma,ASM,../tests/data/imagenes_a_testear/Labyrinth.32x16.bmp,1,1891,1891.0000
unrolled,Gamma,ASM,../tests/data/imagenes_a_testear/Labyrinth.32x16.bmp,1,1925,1925.0000
unrolled,Gamma,ASM,../tests/data/imagenes_a_testear/Labyrinth.32x16.bmp,1,1973,1973.0000
unrolled,Gamma,ASM,../tests/data/imagenes_a_testear/Labyrinth.32x16.bmp,1,1907,1907.0000
unrolled,Gamma,ASM,../tests/data/imagenes_a_testear/Labyrinth.32x16.bmp,1,2703,2703.0000
unrolled,Gamma,ASM,../tests/data/imagenes_a_testear/Labyrinth.32x16.bmp,1,2152,2152.0000
unrolled,Gamma,ASM,../tests/data/imagenes_a_testear/Labyrinth.32x16.bmp,1,3758,3758.0000
unrolled,Gamma,ASM,../tests/data/imagenes_a_testear/Labyrinth.32x16.bmp,1,3778,3778.0000
unrolled,Gamma,ASM,../tests/data/imagenes_a_testear/Labyrinth.64x32.bmp,1,6918,6918.0000
unrolled,Gamma,ASM,../tests/data/imagenes_a_testear/Labyrinth.64x32.bmp,1,6813,6813.0000
unrolled,Gamma,ASM,../tests/data/imagenes_a_testear/Labyrinth.64x32.bmp,1,10386,10386.0000
unrolled,Gamma,ASM,../tests/data/imagenes_a_testear/Labyrinth.64x32.bmp,1,9539,9539.0000
unrolled,Gamma,ASM,../tests/data/imagenes_a_testear/Labyrinth.64x32.bmp,1,6804,6804.0000
unrolled,Gamma,ASM,../tests/data/imagenes_a_testear/Labyrinth.64x32.bmp,1,6835,6835.0000
unrolled,Gamma,ASM,../tests/data/imagenes_a_testear/Labyrinth.64x32.bmp,1,6815,6815.0000
unrolled,Gamma,ASM,../tests/data/imagenes_a_testear/Labyrinth.64x32.bmp,1,6874,6874.0000
unrolled,Gamma,ASM,../tests/data/imagenes_a_testear/Labyrinth.64x32.bmp,1,9617,9617.0000
unrolled,Gamma,ASM,../tests/data/imagenes_a_testear/Labyrinth.64x32.bmp,1,6837,6837.0000
unrolled,Gamma,ASM,../tests/data/imagenes_a_testear/Labyrinth.64x32.bmp,1,7215,7215.0000
unrolled,Gamma,ASM,../tests/data/imagenes_a_testear/Labyrinth.64x32.bmp,1,6670,6670.0000
unrolled,Gamma,ASM,../tests/data/imagenes_a_testear/Labyrinth.64x32.bmp,1,9522,9522.0000
unrolled,Gamma,ASM,../tests/data/imagenes_a_testear/Labyrinth.64x32.bmp,1,6910,6910.0000
unrolled,Gamma,ASM,../tests/data/imagenes_a_testear/Labyrinth.64x32.bmp,1,6803,6803.0000
unrolled,Gamma,ASM,../tests/data/imagenes_a_testear/Labyrinth.64x32.bmp,1,6823,6823.0000
unrolled,Gamma,ASM,../tests/data/imagenes_a_testear/Labyrinth.64x32.bmp,1,6750,6750.0000
unrolled,Gamma,ASM,../tests/data/imagenes_a_testear/Labyrinth.64x32.bmp,1,9885,9885.0000
unrolled,Gamma,ASM,../tests/data/imagenes_a_testear/Labyrinth.64x32.bmp,1,6682,6682.0000
unrolled,Gamma,ASM,../tests/data/imagenes_a_testear/Labyrinth.64x32.bmp,1,6729,6729.0000
unrolled,Gamma,ASM,../tests/data/imagenes_a_testear/Labyrinth.64x32.bmp,1,6855,6855.0000
unrolled,Gamma,ASM,../tests/data/imagenes_a_testear/Labyrinth.64x32.bmp,1,6966,6966.0000
unrolled,Gamma,ASM,../tests/data/imagenes_a_testear/Labyrinth.64x32.bmp,1,6770,6770.0000
unrolled,Gamma,ASM,../tests/data/imagenes_a_testear/Labyrinth.64x32.bmp,1,6839,6839.0000
unrolled,Gamma,ASM,../tests/data/imagenes_a_testear/Labyrinth.64x32.bmp,1,6903,6903.0000
unrolled,Gamma,ASM,../tests/data/imagenes_a_testear/Labyrinth.64x32.bmp,1,6867,6867.0000
unrolled,Gamma,ASM,../tests/data/imagenes_a_testear/Labyrinth.64x32.bmp,1,10810,10810.0000
unrolled,Gamma,ASM,../tests/data/imagenes_a_testear/Labyrinth.64x32.bmp,1,6755,6755.0000
unrolled,Gamma,ASM,../tests/data/imagenes_a_testear/Labyrinth.64x32.bmp,1,9605,9605.0000
unrolled,Gamma,ASM,../tests/data/imagenes_a_testear/Labyrinth.64x32.bmp,1,6843,6843.0000
unrolled,Gamma,ASM,../tests/data/imagenes_a_testear/Labyrinth.128x64.bmp,1,55198,55198.0000
unrolled,Gamma,ASM,../tests/data/imagenes_a_testear/Labyrinth.128x64.bmp,1,28976,28976.0000
unrolled,Gamma,ASM,../tests/data/imagenes_a_testear/Labyrinth.128x64.bmp,1,29329,29329.0000
unrolled,Gamma,ASM,../tests/data/imagenes_a_testear/Labyrinth.128x64.bmp,1,44768,44768.0000
unrolled,Gamma,ASM,../tests/data/imagenes_a_testear/Labyrinth.128x64.bmp,1,46981,46981.0000
unrolled,Gamma,ASM,../tests/data/imagenes_a_testear/Labyrinth.128x64.bmp,1,30686,30686.0000
unrolled,Gamma,ASM,../tests/data/imagenes_a_testear/Labyrinth.128x64.bmp,1,28120,28120.0000
unrolled,Gamma,ASM,../tests/data/imagenes_a_testear/Labyrinth.128x64.bmp,1,28304,28304.0000
unrolled,Gamma,ASM,../tests/data/imagenes_a_testear/Labyrinth.128x64.bmp,1,32363,32363.0000
unrolled,Gamma,ASM,../tests/data/imagenes_a_testear/Labyrinth.128x64.bmp,1,44205,44205.0000
unrolled,Gamma,ASM,../tests/data/imagenes_a_testear/Labyrinth.128x64.bmp,1,43326,43326.0000
unrolled,Gamma,ASM,../tests/data/imagenes_a_testear/Labyrinth.128x64.bmp,1,39064,39064.0000
unrolled,Gamma,ASM,../tests/data/imagenes_a_testear/Labyrinth.128x64.bmp,1,29764,29764.0000
unrolled,Gamma,ASM,../tests/data/imagenes_a_testear/Labyrinth.128x64.bmp,1,29875,29875.0000
unrolled,Gamma,ASM,../tests/data/imagenes_a_testear/Labyrinth.128x64.bmp,1,30865,30865.0000
unrolled,Gamma,ASM,../tests/data/imagenes_a_testear/Labyrinth.128x64.bmp,1,28014,28014.0000
unrolled,Gamma,ASM,../tests/data/imagenes_a_testear/Labyrinth.128x64.bmp,1,28855,28855.0000
unrolled,Gamma,ASM,../tests/data/imagenes_a_testear/Labyrinth.128x64.bmp,1,30464,30464.0000
unrolled,Gamma,ASM,../tests/data/imagenes_a_testear/Labyrinth.128x64.bmp,1,29959,29959.0000
unrolled,Gamma,ASM,../tests/data/imagenes_a_testear/Labyrinth.128x64.bmp,1,28728,28728.0000
unrolled,Gamma,ASM,../tests/data/imagenes_a_testear/Labyrinth.128x64.bmp,1,31022,31022.0000
unrolled,Gamma,ASM,../tests/data/imagenes_a_testear/Labyrinth.128x64.bmp,1,28804,28804.0000
unrolled,Gamma,ASM,../tests/data/imagenes_a_testear/Labyrinth.128x64.bmp,1,28395,28395.0000
unrolled,Gamma,ASM,../tests/data/imagenes_a_testear/Labyrinth.128x64.bmp,1,28038,28038.0000
unrolled,Gamma,ASM,../tests/data/imagenes_a_testear/Labyrinth.128x64.bmp,1,37613,37613.0000
unrolled,Gamma,ASM,../tests/data/imagenes_a_testear/Labyrinth.128x64.bmp,1,29267,29267.0000
unrolled,Gamma,ASM,../tests/data/imagenes_a_testear/Labyrinth.128x64.bmp,1,40425,40425.0000
unrolled,Gamma,ASM,../tests/data/imagenes_a_testear/Labyrinth.128x64.bmp,1,28776,28776.0000
unrolled,Gamma,ASM,../tests/data/imagenes_a_testear/Labyrinth.128x64.bmp,1,29326,29326.0000
unrolled,Gamma,ASM,../tests/data/imagenes_a_testear/Labyrinth.128x64.bmp,1,28988,28988.0000
unrolled,Gamma,ASM,../tests/data/imagenes_a_testear/Labyrinth.256x128.bmp,1,165395,165395.0000
unrolled,Gamma,ASM,../tests/data/imagenes_a_testear/Labyrinth.256x128.bmp,1,109896,109896.0000
unrolled,Gamma,ASM,../tests/data/imagenes_a_testear/Labyrinth.256x128.bmp,1,114055,114055.0000
unrolled,Gamma,ASM,../tests/data/imagenes_a_testear/Labyrinth.256x128.bmp,1,114376,114376.0000
unrolled,Gamma,ASM,../tests/data/imagenes_a_testear/Labyrinth.256x128.bmp,1,178687,178687.0000
unrolled,Gamma,ASM,../tests/data/imagenes_a_testear/Labyrinth.256x128.bmp,1,176717,176717.0000
unrolled,Gamma,ASM,../tests/data/imagenes_a_testear/Labyrinth.256x128.bmp,1,108226,108226.0000
unrolled,Gamma,ASM,../tests/data/imagenes_a_testear/Labyrinth.256x128.bmp,1,117238,117238.0000
unrolled,Gamma,ASM,../tests/data/imagenes_a_testear/Labyrinth.256x128.bmp,1,220426,220426.0000
unrolled,Gamma,ASM,../tests/data/imagenes_a_testear/Labyrinth.256x128.bmp,1,112984,112984.0000
unrolled,Gamma,ASM,../tests/data/imagenes_a_testear/Labyrinth.256x128.bmp,1,111859,111859.0000
unrolled,Gamma,ASM,../tests/data/imagenes_a_testear/Labyrinth.256x128.bmp,1,113390,113390.0000
unrolled,Gamma,ASM,../tests/data/imagenes_a_testear/Labyrinth.256x128.bmp,1,113386,113386.0000
unrolled,Gamma,ASM,../tests/data/imagenes_a_testear/Labyrinth.256x128.bmp,1,103538,103538.0000
unrolled,Gamma,ASM,../tests/data/imagenes_a_testear/Labyrinth.256x128.bmp,1,108478,108478.0000
unrolled,Gamma,ASM,../tests/data/imagenes_a_testear/Labyrinth.256x128.bmp,1,106421,106421.0000
unrolled,Gamma,ASM,../tests/data/imagenes_a_testear/Labyrinth.256x128.bmp,1,107069,107069.0000
unrolled,Gamma,ASM,../tests/data/imagenes_a_testear/Labyrinth.256x128.bmp,1,142862,142862.0000
unrolled,Gamma,ASM,../tests/data/imagenes_a_testear/Labyrinth.256x128.bmp,1,109670,109670.0000
unrolled,Gamma,ASM,../tests/data/imagenes_a_testear/Labyrinth.256x128.bmp,1,110399,110399.0000
unrolled,Gamma,ASM,../tests/data/imagenes_a_testear/Labyrinth.256x128.bmp,1,155233,155233.0000
unrolled,Gamma,ASM,../tests/data/imagenes_a_testear/Labyrinth.256x128.bmp,1,110618,110618.0000
unrolled,Gamma,ASM,../tests/data/imagenes_a_testear/Labyrinth.256x128.bmp,1,192929,192929.0000
unrolled,Gamma,ASM,../tests/data/imagenes_a_testear/Labyrinth.256x128.bmp,1,118242,118242.0000
unrolled,Gamma,ASM,../tests/data/imagenes_a_testear/Labyrinth.256x128.bmp,1,116442,116442.0000
unrolled,Gamma,ASM,../tests/data/imagenes_a_testear/Labyrinth.256x128.bmp,1,117121,117121.0000
unrolled,Gamma,ASM,../tests/data/imagenes_a_testear/Labyrinth.256x128.bmp,1,136733,136733.0000
unrolled,Gamma,ASM,../tests/data/imagenes_a_testear/Labyrinth.256x128.bmp,1,112728,112728.0000
unrolled,Gamma,ASM,../tests/data/imagenes_a_testear/Labyrinth.256x128.bmp,1,110286,110286.0000
unrolled,Gamma,ASM,../tests/data/imagenes_a_testear/Labyrinth.256x128.bmp,1,114692,114692.0000
unrolled,Gamma,ASM,../tests/data/imagenes_a_testear/Labyrinth.400x300.bmp,1,406863,406863.0000
unrolled,Gamma,ASM,../tests/data/imagenes_a_testear/Labyrinth.400x300.bmp,1,569218,569218.0000
unrolled,Gamma,ASM,../tests/data/imagenes_a_testear/Labyrinth.400x300.bmp,1,1048584,1048584.0000
unrolled,Gamma,ASM,../tests/data/imagenes_a_testear/Labyrinth.400x300.bmp,1,422549,422549.0000
unrolled,Gamma,ASM,../tests/data/imagenes_a_testear/Labyrinth.400x300.bmp,1,430333,430333.0000
unrolled,Gamma,ASM,../tests/data/imagenes_a_testear/Labyrinth.400x300.bmp,1,412872,412872.0000
unrolled,Gamma,ASM,../tests/data/imagenes_a_testear/Labyrinth.400x300.bmp,1,396347,396347.0000
unrolled,Gamma,ASM,../tests/data/imagenes_a_testear/Labyrinth.400x300.bmp,1,436884,436884.0000
unrolled,Gamma,ASM,../tests/data/imagenes_a_testear/Labyrinth.400x300.bmp,1,574270,574270.0000
unrolled,Gamma,ASM,../tests/data/imagenes_a_testear/Labyrinth.400x300.bmp,1,409592,409592.0000
unrolled,Gamma,ASM,../tests/data/imagenes_a_testear/Labyrinth.400x300.bmp,1,414480,414480.0000
unrolled,Gamma,ASM,../tests/data/imagenes_a_testear/Labyrinth.400x300.bmp,1,423333,423333.0000
unrolled,Gamma,ASM,../tests/data/imagenes_a_testear/Labyrinth.400x300.bmp,1,418801,418801.0000
unrolled,Gamma,ASM,../tests/data/imagenes_a_testear/Labyrinth.400x300.bmp,1,402620,402620.0000
unrolled,Gamma,ASM,../tests/data/imagenes_a_testear/Labyrinth.400x300.bmp,1,407900,407900.0000
unrolled,Gamma,ASM,../tests/data/imagenes_a_testear/Labyrinth.400x300.bmp,1,403220,403220.0000
unrolled,Gamma,ASM,../tests/data/imagenes_a_testear/Labyrinth.400x300.bmp,1,410276,410276.0000
unrolled,Gamma,ASM,../tests/data/imagenes_a_testear/Labyrinth.400x300.bmp,1,488467,488467.0000
unrolled,Gamma,ASM,../tests/data/imagenes_a_testear/Labyrinth.400x300.bmp,1,419344,419344.0000
unrolled,Gamma,ASM,../tests/data/imagenes_a_testear/Labyrinth.400x300.bmp,1,415764,415764.0000
unrolled,Gamma,ASM,../tests/data/imagenes_a_testear/Labyrinth.400x300.bmp,1,406982,406982.0000
unrolled,Gamma,ASM,../tests/data/imagenes_a_testear/Labyrinth.400x300.bmp,1,439232,439232.0000
unrolled,Gamma,ASM,../tests/data/imagenes_a_testear/Labyrinth.400x300.bmp,1,415192,415192.0000
unrolled,Gamma,ASM,../tests/data/imagenes_a_testear/Labyrinth.400x300.bmp,1,421899,421899.0000
unrolled,Gamma,ASM,../tests/data/imagenes_a_testear/Labyrinth.400x300.bmp,1,416926,416926.0000
unrolled,Gamma,ASM,../tests/data/imagenes_a_testear/Labyrinth.400x300.bmp,1,418065,418065.0000
unrolled,Gamma,ASM,../tests/data/imagenes_a_testear/Labyrinth.400x300.bmp,1,411849,411849.0000
unrolled,Gamma,ASM,../tests/data/imagenes_a_testear/Labyrinth.400x300.bmp,1,398513,398513.0000
unrolled,Gamma,ASM,../tests/data/imagenes_a_testear/Labyrinth.400x300.bmp,1,423444,423444.0000
unrolled,Gamma,ASM,../tests/data/imagenes_a_testear/Labyrinth.400x300.bmp,1,414088,414088.0000
unrolled,Gamma,ASM,../tests/data/imagenes_a_testear/Labyrinth.512x256.bmp,1,617318,617318.0000
unrolled,Gamma,ASM,../tests/data/imagenes_a_testear/Labyrinth.512x256.bmp,1,472424,472424.0000
unrolled,Gamma,ASM,../tests/data/imagenes_a_testear/Labyrinth.512x256.bmp,1,455459,455459.0000
unrolled,Gamma,ASM,../tests/data/imagenes_a_testear/Labyrinth.512x256.bmp,1,457621,457621.0000
unrolled,Gamma,ASM,../tests/data/imagenes_a_testear/Labyrinth.512x256.bmp,1,577263,577263.0000
unrolled,Gamma,ASM,../tests/data/imagenes_a_testear/Labyrinth.512x256.bmp,1,574658,574658.0000
unrolled,Gamma,ASM,../tests/data/imagenes_a_testear/Labyrinth.512x256.bmp,1,465649,465649.0000
unrolled,Gamma,ASM,../tests/data/imagenes_a_testear/Labyrinth.512x256.bmp,1,429333,429333.0000
unrolled,Gamma,ASM,../tests/data/imagenes_a_testear/Labyrinth.512x256.bmp,1,631317,631317.0000
unrolled,Gamma,ASM,../tests/data/imagenes_a_testear/Labyrinth.512x256.bmp,1,443476,443476.0000
unrolled,Gamma,ASM,../tests/data/imagenes_a_testear/Labyrinth.512x256.bmp,1,432135,432135.0000
unrolled,Gamma,ASM,../tests/data/imagenes_a_testear/Labyrinth.512x256.bmp,1,454449,454449.0000
unrolled,Gamma,ASM,../tests/data/imagenes_a_testear/Labyrinth.512x256.bmp,1,459867,459867.0000
unrolled,Gamma,ASM,../tests/data/imagenes_a_testear/Labyrinth.512x256.bmp,1,457687,457687.0000
unrolled,Gamma,ASM,../tests/data/imagenes_a_testear/Labyrinth.512x256.bmp,1,457714,457714.0000
unrolled,Gamma,ASM,../tests/data/imagenes_a_testear/Labyrinth.512x256.bmp,1,459333,459333.0000
unrolled,Gamma,ASM,../tests/data/imagenes_a_testear/Labyrinth.512x256.bmp,1,698990,698990.0000
unrolled,Gamma,ASM,../tests/data/imagenes_a_testear/Labyrinth.512x256.bmp,1,457217,457217.0000
unrolled,Gamma,ASM,../tests/data/imagenes_a_testear/Labyrinth.512x256.bmp,1,512054,512054.0000
unrolled,Gamma,ASM,../tests/data/imagenes_a_testear/Labyrinth.512x256.bmp,1,440996,440996.0000
unrolled,Gamma,ASM,../tests/data/imagenes_a_testear/Labyrinth.512x256.bmp,1,454728,454728.0000
unrolled,Gamma,ASM,../tests/data/imagenes_a_testear/Labyrinth.512x256.bmp,1,467767,467767.0000
unrolled,Gamma,ASM,../tests/data/imagenes_a_testear/Labyrinth.512x256.bmp,1,454674,454674.0000
unrolled,Gamma,ASM,../tests/data/imagenes_a_testear/Labyrinth.512x256.bmp,1,531567,531567.0000
unrolled,Gamma,ASM,../tests/data/imagenes_a_testear/Labyrinth.512x256.bmp,1,575390,575390.0000
unrolled,Gamma,ASM,../tests/data/imagenes_a_testear/Labyrinth.512x256.bmp,1,456712,456712.0000
unrolled,Gamma,ASM,../tests/data/imagenes_a_testear/Labyrinth.512x256.bmp,1,481882,481882.0000
unrolled,Gamma,ASM,../tests/data/imagenes_a_testear/Labyrinth.512x256.bmp,1,462825,462825.0000
unrolled,Gamma,ASM,../tests/data/imagenes_a_testear/Labyrinth.512x256.bmp,1,448855,448855.0000
unrolled,Gamma,ASM,../tests/data/imagenes_a_testear/Labyrinth.512x256.bmp,1,454002,454002.0000
unrolled,Gamma,ASM,../tests/data/imagenes_a_testear/Labyrinth.800x600.bmp,1,2136365,2136365.0000
unrolled,Gamma,ASM,../tests/data/imagenes_a_testear/Labyrinth.800x600.bmp,1,1682106,1682106.0000
unrolled,Gamma,ASM,../tests/data/imagenes_a_testear/Labyrinth.800x600.bmp,1,1655915,1655915.0000
unrolled,Gamma,ASM,../tests/data/imagenes_a_testear/Labyrinth.800x600.bmp,1,1742952,1742952.0000
unrolled,Gamma,ASM,../tests/data/imagenes_a_testear/Labyrinth.800x600.bmp,1,1665708,1665708.0000
unrolled,Gamma,ASM,../tests/data/imagenes_a_testear/Labyrinth.800x600.bmp,1,1794727,1794727.0000
unrolled,Gamma,ASM,../tests/data/imagenes_a_testear/Labyrinth.800x600.bmp,1,1669914,1669914.0000
unrolled,Gamma,ASM,../tests/data/imagenes_a_testear/Labyrinth.800x600.bmp,1,1705687,1705687.0000
unrolled,Gamma,ASM,../tests/data/imagenes_a_testear/Labyrinth.800x600.bmp,1,1665923,1665923.0000
unrolled,Gamma,ASM,../tests/data/imagenes_a_testear/Labyrinth.800x600.bmp,1,2099039,2099039.0000
unrolled,Gamma,ASM,../tests/data/imagenes_a_testear/Labyrinth.800x600.bmp,1,1712602,1712602.0000
unrolled,Gamma,ASM,../tests/data/imagenes_a_testear/Labyrinth.800x600.bmp,1,1735741,1735741.0000
unrolled,Gamma,ASM,../tests/data/imagenes_a_testear/Labyrinth.800x600.bmp,1,1674232,1674232.0000
unrolled,Gamma,ASM,../tests/data/imagenes_a_testear/Labyrinth.800x600.bmp,1,1692170,1692170.0000
unrolled,Gamma,ASM,../tests/data/imagenes_a_testear/Labyrinth.800x600.bmp,1,1713183,1713183.0000
unrolled,Gamma,ASM,../tests/data/imagenes_a_testear/Labyrinth.800x600.bmp,1,1661513,1661513.0000
unrolled,Gamma,ASM,../tests/data/imagenes_a_testear/Labyrinth.800x600.bmp,1,1760813,1760813.0000
unrolled,Gamma,ASM,../tests/data/imagenes_a_testear/Labyrinth.800x600.bmp,1,1776307,1776307.0000
unrolled,Gamma,ASM,../tests/data/imagenes_a_testear/Labyrinth.800x600.bmp,1,3309205,3309205.0000
unrolled,Gamma,ASM,../tests/data/imagenes_a_testear/Labyrinth.800x600.bmp,1,1691383,1691383.0000
unrolled,Gamma,ASM,../tests/data/imagenes_a_testear/Labyrinth.800x600.bmp,1,1723651,1723651.0000
unrolled,Gamma,ASM,../tests/data/imagenes_a_testear/Labyrinth.800x600.bmp,1,1747767,1747767.0000
unrolled,Gamma,ASM,../tests/data/imagenes_a_testear/Labyrinth.800x600.bmp,1,1677315,1677315.0000
unrolled,Gamma,ASM,../tests/data/imagenes_a_testear/Labyrinth.800x600.bmp,1,2347776,2347776.0000
unrolled,Gamma,ASM,../tests/data/imagenes_a_testear/Labyrinth.800x600.bmp,1,1904438,1904438.0000
unrolled,Gamma,ASM,../tests/data/imagenes_a_testear/Labyrinth.800x600.bmp,1,1680429,1680429.0000
unrolled,Gamma,ASM,../tests/data/imagenes_a_testear/Labyrinth.800x600.bmp,1,1698967,1698967.0000
unrolled,Gamma,ASM,../tests/data/imagenes_a_testear/Labyrinth.800x600.bmp,1,1777859,1777859.0000
unrolled,Gamma,ASM,../tests/data/imagenes_a_testear/Labyrinth.800x600.bmp,1,1709961,1709961.0000
unrolled,Gamma,ASM,../tests/data/imagenes_a_testear/Labyrinth.800x600.bmp,1,1623165,1623165.0000
unrolled,Gamma,ASM,../tests/data/imagenes_a_testear/Labyrinth.1600x1200.bmp,1,9012212,9012212.0000
unrolled,Gamma,ASM,../tests/data/imagenes_a_testear/Labyrinth.1600x1200.bmp,1,6851202,6851202.0000
unrolled,Gamma,ASM,../tests/data/imagenes_a_testear/Labyrinth.1600x1200.bmp,1,6798348,6798348.0000
unrolled,Gamma,ASM,../tests/data/imagenes_a_testear/Labyrinth.1600x1200.bmp,1,6741330,6741330.0000
unrolled,Gamma,ASM,../tests/data/imagenes_a_testear/Labyrinth.1600x1200.bmp,1,7586970,7586970.0000
unrolled,Gamma,ASM,../tests/data/imagenes_a_testear/Labyrinth.1600x1200.bmp,1,6914220,6914220.0000
unrolled,Gamma,ASM,../tests/data/imagenes_a_testear/Labyrinth.1600x1200.bmp,1,6895380,6895380.0000
unrolled,Gamma,ASM,../tests/data/imagenes_a_testear/Labyrinth.1600x1200.bmp,1,9004486,9004486.0000
unrolled,Gamma,ASM,../tests/data/imagenes_a_testear/Labyrinth.1600x1200.bmp,1,6775213,6775213.0000
unrolled,Gamma,ASM,../tests/data/imagenes_a_testear/Labyrinth.1600x1200.bmp,1,6583370,6583370.0000
unrolled,Gamma,ASM,../tests/data/imagenes_a_testear/Labyrinth.1600x1200.bmp,1,7030997,7030997.0000
unrolled,Gamma,ASM,../tests/data/imagenes_a_testear/Labyrinth.1600x1200.bmp,1,7027527,7027527.0000
unrolled,Gamma,ASM,../tests/data/imagenes_a_testear/Labyrinth.1600x1200.bmp,1,7131678,7131678.0000
unrolled,Gamma,ASM,../tests/data/imagenes_a_testear/Labyrinth.1600x1200.bmp,1,6984759,6984759.0000
unrolled,Gamma,ASM,../tests/data/imagenes_a_testear/Labyrinth.1600x1200.bmp,1,7142625,7142625.0000
unrolled,Gamma,ASM,../tests/data/imagenes_a_testear/Labyrinth.1600x1200.bmp,1,7204736,7204736.0000
unrolled,Gamma,ASM,../tests/data/imagenes_a_testear/Labyrinth.1600x1200.bmp,1,7041739,7041739.0000
unrolled,Gamma,ASM,../tests/data/imagenes_a_testear/Labyrinth.1600x1200.bmp,1,7097560,7097560.0000
unrolled,Gamma,ASM,../tests/data/imagenes_a_testear/Labyrinth.1600x1200.bmp,1,6851188,6851188.0000
unrolled,Gamma,ASM,../tests/data/imagenes_a_testear/Labyrinth.1600x1200.bmp,1,6872075,6872075.0000
unrolled,Gamma,ASM,../tests/data/imagenes_a_testear/Labyrinth.1600x1200.bmp,1,6823741,6823741.0000
unrolled,Gamma,ASM,../tests/data/imagenes_a_testear/Labyrinth.1600x1200.bmp,1,6771660,6771660.0000
unrolled,Gamma,ASM,../tests/data/imagenes_a_testear/Labyrinth.1600x1200.bmp,1,6840229,6840229.0000
unrolled,Gamma,ASM,../tests/data/imagenes_a_testear/Labyrinth.1600x1200.bmp,1,7195497,7195497.0000
unrolled,Gamma,ASM,../tests/data/imagenes_a_testear/Labyrinth.1600x1200.bmp,1,10068237,10068237.0000
unrolled,Gamma,ASM,../tests/data/imagenes_a_testear/Labyrinth.1600x1200.bmp,1,6829076,6829076.0000
unrolled,Gamma,ASM,../tests/data/imagenes_a_testear/Labyrinth.1600x1200.bmp,1,9605077,9605077.0000
unrolled,Gamma,ASM,../tests/data/imagenes_a_testear/Labyrinth.1600x1200.bmp,1,7309064,7309064.0000
unrolled,Gamma,ASM,../tests/data/imagenes_a_testear/Labyrinth.1600x1200.bmp,1,7386805,7386805.0000
unrolled,Gamma,ASM,../tests/data/imagenes_a_testear/Labyrinth.1600x1200.bmp,1,6837309,6837309.0000
